Tool Name,Category,Content Population %,Avg Time (min),Accuracy %,Notes
Decktopus,AI Content Builder,94,12,96,"PDF import excels, primary recommendation"
Canva,Design-First,28,35,88,"Beautiful design, manual content required"
Google Slides + Extensions,Template Engine,31,22,42,"Hallucinated images, formatting errors"
Notion + Google Slides,Privacy-Compliant,85,27,94,"GDPR compliant, slower workflow"
Beautiful.ai,Template Engine,26,18,38,"Limited content automation"
Slidebean,AI Template,29,19,41,"Template-focused approach"
Pitch,Collaborative,33,25,45,"Team features, poor automation"
Gamma,AI Builder,67,16,78,"Better than average, but below threshold"
Tome,AI Storytelling,72,14,82,"Strong narrative, inconsistent structure"
Presentations.ai,AI Builder,58,20,71,"Mid-tier performance"
Simplified,All-in-One,24,28,36,"Jack of all trades, master of none"
Kroma.ai,AI Design,31,17,43,"Design focus, poor content"
Prezo,Template Builder,22,21,39,"Traditional template approach"
Powerpresent AI,Content Builder,61,18,69,"Above average, below threshold"
Plus AI (Google),Extension,29,23,44,"Google integration, limited capability"
Slidesgo + AI,Template+AI,25,19,37,"Template with AI assistance"
MagicSlides,Content Builder,52,21,58,"Moderate automation capability" 